{
  "type": "merged_scraped_games",
  "total_count": 6,
  "scraped_at": "2025-09-08T18:56:05.356434",
  "scraper_version": "2.0",
  "games": [
    {
      "title": "Truck Hit Hero: Isekai Arena",
      "cover_image": "https://imgs.crazygames.com/truck-hit-hero-isekai-arena_16x9/20250828051212/truck-hit-hero-isekai-arena_16x9-cover?metadata=none&quality=85&width=273&fit=crop",
      "game_url": "https://www.crazygames.com/game/truck-hit-hero-isekai-arena",
      "iframe_url": "https://games.crazygames.com/en_US/truck-hit-hero-isekai-arena/index.html",
      "description": "Truck-Hit Hero: Isekai Arena is a 2D RPG platformer inspired by classic isekai tales, where an ordinary guy wakes up in a new world as a hero. Battle through 12+ unique arenas filled with traps and enemies, mastering 30+ active abilities with swords, spears, crossbows, and magic. Collect loot, upgrade gear, and craft powerful builds to survive challenging waves of monsters and become the ultimate arena champion.GameplayBattle through arenas against waves of enemiesCollect and upgrade gearMerge i",
      "category": "Adventure",
      "play_count": 0,
      "likes": 958,
      "favorites": 958,
      "duration": "5-10 分钟",
      "tags": [
        "Battle",
        "Arena",
        "Side Scrolling",
        "RPG",
        "2D",
        "Skill"
      ],
      "features": [
        "Move = arrow left-right keys or AD",
        "Jump = spacebar",
        "Attack = Left mouse button",
        "Skills = 1, 2, 3, 4",
        "Interact = E"
      ],
      "is_new": true,
      "is_hot": false,
      "is_featured": true,
      "collected_at": "2025-09-08T18:55:58.234336"
    },
    {
      "title": "Simply Prop Hunt",
      "cover_image": "https://imgs.crazygames.com/simply-prop-hunt_16x9/20250826074007/simply-prop-hunt_16x9-cover?metadata=none&quality=85&width=273&fit=crop",
      "game_url": "https://www.crazygames.com/game/simply-prop-hunt",
      "iframe_url": "https://games.crazygames.com/en_US/simply-prop-hunt/index.html",
      "description": "Simply Prop Hunt is a fast-paced multiplayer hide-and-seek game with a clever twist. Players take turns disguising themselves as everyday objects or hunting down hidden props. As a prop, your goal is to blend seamlessly into the environment and avoid detection. As a hunter, you’ll need sharp eyes and quick reflexes to uncover the sneakiest disguises before time runs out. With fast and unpredictable rounds, every match is a new challenge. Outsmart your opponents, stay hidden until the final whist",
      "category": ".io",
      "play_count": 0,
      "likes": 4511,
      "favorites": 4511,
      "duration": "5-10 分钟",
      "tags": [
        "3D",
        "Battle",
        "Arena",
        "Multiplayer"
      ],
      "features": [
        "WASD / arrow keys = move",
        "Left-click = attack",
        "Move mouse = look around",
        "Mouse scroll = zoom in / out",
        "Space = jump / fly with jet (when playing as Hunter)",
        "3, 4, 5 = select power-up",
        "E = activate selected power-up",
        "P = pause menu"
      ],
      "is_new": true,
      "is_hot": false,
      "is_featured": true,
      "collected_at": "2025-09-08T18:55:59.363165"
    },
    {
      "title": "Mad GunS - Battle Royale",
      "cover_image": "https://imgs.crazygames.com/mad-guns---battle-royale-ndd_16x9/20250901024035/mad-guns---battle-royale-ndd_16x9-cover?metadata=none&quality=85&width=273&fit=crop",
      "game_url": "https://www.crazygames.com/game/mad-guns---battle-royale-ndd",
      "iframe_url": "https://games.crazygames.com/en_US/mad-guns---battle-royale-ndd/index.html",
      "description": "Crazy Pixel Shooter is a wacky royal battle where chaos rules and anything can be a weapon. Arm yourself with bananas, handbags, or even hamster guns as you take on zombies, giant turkeys, and wild octopuses in outrageous online modes. Explore unique maps, craft your own levels, and fight to save Mr. Cat in this explosive pixel showdown.The goal of the game is to win battles using the craziest weapons and tactics. In the battle royale mode, you have to be the last survivor on a huge map. In othe",
      "category": "Shooting",
      "play_count": 0,
      "likes": 5426,
      "favorites": 5426,
      "duration": "5-10 分钟",
      "tags": [
        "Pixel",
        "3D",
        "Battle",
        "With Friends",
        "Gun",
        "Battle Royale",
        "FPS"
      ],
      "features": [
        "WASD = move",
        "R = reload",
        "Left click = shoot",
        "Tab = menu"
      ],
      "is_new": true,
      "is_hot": false,
      "is_featured": true,
      "collected_at": "2025-09-08T18:56:00.545556"
    },
    {
      "title": "456 Guys",
      "cover_image": "https://imgs.crazygames.com/456-guys_16x9/20250820070334/456-guys_16x9-cover?metadata=none&quality=85&width=273&fit=crop",
      "game_url": "https://www.crazygames.com/game/456-guys",
      "iframe_url": "https://games.crazygames.com/en_US/456-guys/index.html",
      "description": "456 Guys is a massive multiplayer survival game where up to 456 players compete through unpredictable challenges until only one remains. You’ll race through dangerous obstacle courses, outsmart tricky puzzles, and clash in intense arenas like the Glass Bridges, Honeycomb Maze, and Sumo Ring. With rotating levels and weekly tournaments, every match delivers fresh excitement and global competition.",
      "category": "Casual",
      "play_count": 0,
      "likes": 5050,
      "favorites": 5050,
      "duration": "5-10 分钟",
      "tags": [
        "Mobile",
        "Avoid",
        "Difficult",
        "Controller",
        "With Friends",
        "Survival",
        "Multiplayer"
      ],
      "features": [
        "Move = WASD",
        "Walk = hold left shift",
        "Jump = space",
        "Push = E",
        "Emotes = [1][2][3][4]",
        "Quick Chat = Tab",
        "Exit Mouse Look &amp; return mouse pointer to screen = ESC"
      ],
      "is_new": true,
      "is_hot": false,
      "is_featured": true,
      "collected_at": "2025-09-08T18:56:01.673812"
    },
    {
      "title": "Fragen",
      "cover_image": "https://imgs.crazygames.com/fragen_16x9/20250620035208/fragen_16x9-cover?metadata=none&quality=85&width=273&fit=crop",
      "game_url": "https://www.crazygames.com/game/fragen",
      "iframe_url": "https://games.crazygames.com/en_US/fragen/index.html",
      "description": "Fragen is an intense shooting FPS game where you face adrenaline-filled battles on your own or in a team. Whether you choose free-for-all or team deathmatch, your goal is to survive and dominate. You will need to customize your arsenal, up your game plan, and outpace your rivals in every fight. It&#39;s non-stop action for the start.How to Play FragenIn Fragen, you take on the role of a soldier in full combat gear, ready to fight your way through an abandoned complex filled with enemies. As you ",
      "category": "Shooting",
      "play_count": 0,
      "likes": 76546,
      "favorites": 76546,
      "duration": "5-10 分钟",
      "tags": [
        "Mobile",
        "3D",
        "Gun",
        "Multiplayer",
        "FPS",
        "Killing"
      ],
      "features": [
        "WASD = move",
        "Left mouse = shooting",
        "Right mouse = aim",
        "G =grenade",
        "H = use first aid kit",
        "C = squat",
        "Space =jump",
        "Tab = menu"
      ],
      "is_new": true,
      "is_hot": false,
      "is_featured": true,
      "collected_at": "2025-09-08T18:56:03.168490"
    },
    {
      "title": "Noob Digger: Pro Drill Miner",
      "cover_image": "https://imgs.crazygames.com/noob-digger-pro-drill-miner-cal_16x9/20250902025621/noob-digger-pro-drill-miner-cal_16x9-cover?metadata=none&quality=85&width=273&fit=crop",
      "game_url": "https://www.crazygames.com/game/noob-digger-pro-drill-miner-cal",
      "iframe_url": "https://games.crazygames.com/en_US/noob-digger-pro-drill-miner-cal/index.html",
      "description": "Noob Digger: Pro Drill Miner is a thrilling mining adventure where you pilot a powerful drill deep into the earth in search of treasures and secrets. Unearth valuable resources, trade for upgrades, and uncover mysterious bunkers to assemble the legendary Super Drill. Dig not just for riches—but to rebuild your dream home and win back your lost love.",
      "category": "Adventure",
      "play_count": 0,
      "likes": 9650,
      "favorites": 9650,
      "duration": "5-10 分钟",
      "tags": [
        "Mobile",
        "Pixel",
        "Minecraft",
        "Mining",
        "Building",
        "2D",
        "Collect"
      ],
      "features": [
        "WASD or arrow keys = move",
        "E or left click = interact",
        "F = nitro ( in mine )"
      ],
      "is_new": true,
      "is_hot": false,
      "is_featured": true,
      "collected_at": "2025-09-08T18:56:04.488166"
    }
  ]
}