{
  "type": "homepage_games",
  "total_count": 6,
  "collected_at": "2025-09-08T18:56:05.356434",
  "games": [
    {
      "category": "Other",
      "collected_at": "2025-09-08T18:55:58.234336",
      "image": "https://imgs.crazygames.com/truck-hit-hero-isekai-arena_16x9/20250828051212/truck-hit-hero-isekai-arena_16x9-cover?metadata=none&quality=85&width=273&fit=crop",
      "title": "Truck Hit Hero: Isekai Arena",
      "url": "https://www.crazygames.com/game/truck-hit-hero-isekai-arena"
    },
    {
      "category": "Other",
      "collected_at": "2025-09-08T18:55:59.363165",
      "image": "https://imgs.crazygames.com/simply-prop-hunt_16x9/20250826074007/simply-prop-hunt_16x9-cover?metadata=none&quality=85&width=273&fit=crop",
      "title": "Simply Prop Hunt",
      "url": "https://www.crazygames.com/game/simply-prop-hunt"
    },
    {
      "category": "Other",
      "collected_at": "2025-09-08T18:56:00.545556",
      "image": "https://imgs.crazygames.com/mad-guns---battle-royale-ndd_16x9/20250901024035/mad-guns---battle-royale-ndd_16x9-cover?metadata=none&quality=85&width=273&fit=crop",
      "title": "Mad GunS - Battle Royale",
      "url": "https://www.crazygames.com/game/mad-guns---battle-royale-ndd"
    },
    {
      "category": "Other",
      "collected_at": "2025-09-08T18:56:01.673812",
      "image": "https://imgs.crazygames.com/456-guys_16x9/20250820070334/456-guys_16x9-cover?metadata=none&quality=85&width=273&fit=crop",
      "title": "456 Guys",
      "url": "https://www.crazygames.com/game/456-guys"
    },
    {
      "category": "Other",
      "collected_at": "2025-09-08T18:56:03.168490",
      "image": "https://imgs.crazygames.com/fragen_16x9/20250620035208/fragen_16x9-cover?metadata=none&quality=85&width=273&fit=crop",
      "title": "Fragen",
      "url": "https://www.crazygames.com/game/fragen"
    },
    {
      "category": "Other",
      "collected_at": "2025-09-08T18:56:04.488166",
      "image": "https://imgs.crazygames.com/noob-digger-pro-drill-miner-cal_16x9/20250902025621/noob-digger-pro-drill-miner-cal_16x9-cover?metadata=none&quality=85&width=273&fit=crop",
      "title": "Noob Digger: Pro Drill Miner",
      "url": "https://www.crazygames.com/game/noob-digger-pro-drill-miner-cal"
    }
  ]
}